Noise,N,Kernel,State,Regular,Optimization,N_per_Time,RMSE,MAE,R2,NLPD,MSLL,CRPS,sMSE,Coverage,NLML
0,5,SqExp,X,Yes,Default,1,0.0135190381229227,0.00825706272972732,0.965483300684759,-2.68328691826879,-1.68792803949774,0.00816743639050016,0.0344476659166106,1,64.6488679162637
0,5,SqExp,Y,Yes,Default,1,7.00406684680422e-06,4.47844618480483e-06,-0.648042991956669,-5.98879171712511,4.39321475269141,0.000233714664553804,1.64474690597276,1,-29.9438298006486
0,5,SqExp,Z,Yes,Default,1,0.0135125352174441,0.00825342095136021,0.965521372713044,-2.68364003382664,-1.68828292491129,0.00816412393769956,0.0344096700323819,1,0.727790794918894
0,5,Matern 1/2,X,Yes,Default,1,0.0133524305436785,0.00793150057185945,0.96632882058111,-2.242189993791,-1.24683111501995,0.0116149584992641,0.0336038370600524,1,101.8999424662
0,5,Matern 1/2,Y,Yes,Default,1,7.00406702896816e-06,4.47844559966771e-06,-0.648043077682295,-5.98879171711552,4.39321475270101,0.000233714664556766,1.64474699152693,1,-29.943829838321
0,5,Matern 1/2,Z,Yes,Default,1,0.0133460080510942,0.00792812137187234,0.966365958629379,-2.24231111550129,-1.24695400658594,0.0116128077722882,0.0335667732878797,1,2.67227145830046
0,5,Matern 3/2,X,Yes,Default,1,0.0142015569296438,0.00847461346206561,0.961910121089411,-3.03551277946216,-2.04015390069111,0.00689093215278864,0.0380136991527678,0.882,50.9121169362031
0,5,Matern 3/2,Y,Yes,Default,1,7.00406697575259e-06,4.47844596052012e-06,-0.648043052639258,-5.98879171713876,4.39321475267776,0.000233714664551123,1.64474696653398,1,-29.9438298306666
0,5,Matern 3/2,Z,Yes,Default,1,0.0141942645214825,0.00847050884117154,0.961954606720384,-3.03673222459813,-2.04137511568278,0.00688728151879676,0.0379693024930564,0.882,0.168423381829779
0,5,Matern 5/2,X,Yes,Default,1,0.0131858589539215,0.00849245408738437,0.967163676502528,-2.85798272606526,-1.86262384729421,0.0064678799339785,0.032770650850477,0.816,51.512652604413
0,5,Matern 5/2,Y,Yes,Default,1,7.00406693235137e-06,4.47844607321408e-06,-0.648043032214818,-5.98879171711094,4.39321475270559,0.000233714664557453,1.64474694615039,1,-29.9438298219026
0,5,Matern 5/2,Z,Yes,Default,1,0.0131784032506435,0.00848805175282863,0.967205435038278,-2.85990195452734,-1.864544845612,0.00646406776857986,0.0327289758317989,0.816,0.190241057863252
0,5,RatQuad,X,Yes,Default,1,0.0131835536215243,0.00797534098529504,0.967175157290134,-2.76357478018574,-1.76821590141469,0.00769688392257406,0.032759193024446,1,58.2863324619107
0,5,RatQuad,Y,Yes,Default,1,7.00406676053142e-06,4.4784460934198e-06,-0.648042951357032,-5.98879171720241,4.39321475261412,0.000233714664535399,1.64474686545432,1,-29.943829792474
0,5,RatQuad,Z,Yes,Default,1,0.0131768536709729,0.00797153574715113,0.967213146868384,-2.76395295389974,-1.76859584498439,0.0076935437962124,0.032721279425353,1,0.453058731236966
0,10,SqExp,X,Yes,Default,1,0.00290789466224305,0.00171310571686395,0.998403036410683,-4.38158200544043,-3.24414989763219,0.00154760163015753,0.00159376966213832,0.942,39.1520832412161
0,10,SqExp,Y,Yes,Default,1,5.95641024977643e-06,3.68708610862198e-06,-0.191892746265633,-5.98879850617999,4.60531312620975,0.000233709247836345,1.1895089607731,1,-59.8874615588694
0,10,SqExp,Z,Yes,Default,1,0.00290276452448359,0.00171055721728942,0.998408891108698,-4.38302195864448,-3.24562604201777,0.00154528807494314,0.00158792667351895,0.942,-0.291108599384918
0,10,Matern 1/2,X,Yes,Default,1,0.00416951627595106,0.00175185420364409,0.996716711687101,-3.11298920850412,-1.97555710069588,0.00465370326029374,0.00327672173627316,1,80.199533053744
0,10,Matern 1/2,Y,Yes,Default,1,5.95640936523975e-06,3.6870843431366e-06,-0.191892392269609,-5.98879850617738,4.60531312621236,0.000233709247833982,1.18950860748507,1,-59.8874615014051
0,10,Matern 1/2,Z,Yes,Default,1,0.00416456162082499,0.00175017789939679,0.996724973081,-3.11314728684531,-1.9757513702186,0.00465249233237084,0.00326847686516176,1,-3.80646089652316
0,10,Matern 3/2,X,Yes,Default,1,0.00318383802863788,0.00125510510338908,0.998085569496949,-4.55251440627871,-3.41508229847046,0.00139343562639116,0.00191060164204454,0.922,12.4315103099136
0,10,Matern 3/2,Y,Yes,Default,1,5.95640977701999e-06,3.68708531915698e-06,-0.191892557066122,-5.98879850623161,4.60531312615813,0.000233709247822693,1.18950877195199,1,-59.887461067801
0,10,Matern 3/2,Z,Yes,Default,1,0.0031788412725181,0.00125324808827351,0.998091843570074,-4.55429662298355,-3.41690070635684,0.0013916543336105,0.00190434011706651,0.922,-0.39784406782665
0,10,Matern 5/2,X,Yes,Default,1,0.00236951437485849,0.000972796239580745,0.998939632595118,-4.76476972060523,-3.62733761279699,0.000991365425264449,0.0010582466700723,0.916,17.0635094094446
0,10,Matern 5/2,Y,Yes,Default,1,5.95640995536682e-06,3.68708565368818e-06,-0.191892628441423,-5.9887985062593,4.60531312613043,0.00023370924781682,1.18950884318454,1,-59.887460763866
0,10,Matern 5/2,Z,Yes,Default,1,0.00236476250598628,0.00097101659564937,0.998944030557496,-4.76771751344988,-3.63032159682317,0.00098972685637153,0.00105385750361885,0.916,1.2893797051275
0,10,RatQuad,X,Yes,Default,1,0.00218256245357634,0.00103867789992515,0.999100355284126,-4.77082039457092,-3.63338828676268,0.00103009630116718,0.000897845426441935,0.928,23.6387943943462
0,10,RatQuad,Y,Yes,Default,1,5.95641024409626e-06,3.68708606126514e-06,-0.191892743992401,-5.98879850618989,4.60531312619985,0.000233709247834011,1.18950895850442,1,-59.8874615593791
0,10,RatQuad,Z,Yes,Default,1,0.00217680154488601,0.00103609365235543,0.999105224749474,-4.77353898987025,-3.63614307324354,0.00102751873624983,0.000892985700024731,0.928,0.169411637016893
0,25,SqExp,X,Yes,Default,1,0.000595822496873017,0.000337287325863832,0.999932954216842,-5.71618280409889,-4.52540151939521,0.000371660550633075,6.69116915919283e-05,0.982,39.8803326233684
0,25,SqExp,Y,Yes,Default,1,5.54468676595866e-06,3.76315925479191e-06,-0.0328137368603685,-5.98880087366968,4.69212094047729,0.000233707358853943,1.03074810938665,1,-149.718227464397
0,25,SqExp,Z,Yes,Default,1,0.000594257343767795,0.000337298679051105,0.999933315422515,-5.71685715197975,-4.52613820596769,0.000371258216442933,6.65512083304148e-05,0.982,5.1633012761327
0,25,Matern 1/2,X,Yes,Default,1,0.000754116488857845,0.000281096689222858,0.999892597461195,-4.06457617720856,-2.87379489250487,0.0017065349012043,0.000107187733727083,1,-5.75658416743267
0,25,Matern 1/2,Y,Yes,Default,1,5.54467835618206e-06,3.7631499835298e-06,-0.0328106038696059,-5.98880087387269,4.69212094027428,0.000233707358780194,1.03074498266187,1,-149.718225905192
0,25,Matern 1/2,Z,Yes,Default,1,0.000751169898649126,0.000280424444637229,0.999893450199328,-4.06476553002104,-2.87404658400898,0.00170605877442814,0.000106336701071185,1,-40.4017350606852
0,25,Matern 3/2,X,Yes,Default,1,0.000497963176194747,0.000145646783216146,0.999953169140286,-5.58400759400898,-4.3932263093053,0.00038485301825131,4.67371979949128e-05,0.986,-11.7083176534998
0,25,Matern 3/2,Y,Yes,Default,1,5.54468481821134e-06,3.76315723552036e-06,-0.0328130112432423,-5.98880087377769,4.69212094036929,0.00023370735882261,1.03074738522076,1,-149.718227466845
0,25,Matern 3/2,Z,Yes,Default,1,0.000495183960424247,0.000144970963609247,0.999953696968359,-5.58480389653219,-4.39408495052013,0.000384304926262608,4.62104255778991e-05,0.988,-13.2359831187649
0,25,Matern 5/2,X,Yes,Default,1,0.000488487164431618,0.000185288285136444,0.999954934521464,-5.69348889765581,-4.50270761295212,0.000353073737825996,4.49753475786145e-05,0.988,8.73001034617998
0,25,Matern 5/2,Y,Yes,Default,1,5.54468642901357e-06,3.76315891293281e-06,-0.0328136113342481,-5.98880087365456,4.69212094049242,0.000233707358856424,1.03074798411158,1,-149.718227463976
0,25,Matern 5/2,Z,Yes,Default,1,0.000486331623688492,0.000184797382247352,0.999955337676807,-5.69421790801892,-4.50349896200686,0.000352609673278795,4.4572998546527e-05,0.988,6.26890993441311
0,25,RatQuad,X,Yes,Default,1,0.000573840874139115,0.000290189618133295,0.999937809989144,-5.71940220146979,-4.5286209167661,0.00036500548752069,6.20656308340803e-05,0.984,18.4512328222458
0,25,RatQuad,Y,Yes,Default,1,5.54468659960406e-06,3.76315908624242e-06,-0.0328136748863286,-5.98880087375671,4.69212094039026,0.000233707358833085,1.03074804753656,1,-149.718227466505
0,25,RatQuad,Z,Yes,Default,1,0.000571983939797056,0.000289641752198241,0.999938220561232,-5.72015754701024,-4.52943860099818,0.000364529856025079,6.16558798899261e-05,0.984,8.66322473877968
0,50,SqExp,X,Yes,Default,1,0.000395142168367474,0.000230517864967378,0.999970512060196,-5.84034856280325,-4.64129196137586,0.000306023395649555,2.94289639239142e-05,1,33.0740218662237
0,50,SqExp,Y,Yes,Default,1,5.47694763339319e-06,3.87674809017959e-06,-0.00773223119798216,-5.98880124708998,4.70662361917009,0.000233707061000777,1.00571676673559,1,-299.436103150581
0,50,SqExp,Z,Yes,Default,1,0.00039447774972244,0.00023041830364795,0.999970615296477,-5.84060370738338,-4.64161557769623,0.000305865389910945,2.93259341164311e-05,1,2.83924863820616
0,50,Matern 1/2,X,Yes,Default,1,0.000192272241168851,6.92131803049045e-05,0.999993018144584,-4.69852994952043,-3.49947334809304,0.000880735112534973,6.96789170521119e-06,1,-94.7248474550723
0,50,Matern 1/2,Y,Yes,Default,1,5.47693316350795e-06,3.87673338031929e-06,-0.00772690642533336,-5.98880124711052,4.70662361914955,0.000233707060951265,1.00571145261248,1,-299.436103147834
0,50,Matern 1/2,Z,Yes,Default,1,0.000190751711969494,6.88866401842797e-05,0.99999312910712,-4.69870501231504,-3.49971688262789,0.000880536524648761,6.85715109438085e-06,1,-118.347387277642
0,50,Matern 3/2,X,Yes,Default,1,0.000239707047004267,8.13879420354515e-05,0.999989148262559,-5.76193759193181,-4.56288099050442,0.000304799728042057,1.08300339659292e-05,1,-75.1631116345882
0,50,Matern 3/2,Y,Yes,Default,1,5.47694719712943e-06,3.87674766802829e-06,-0.00773207065708559,-5.98880124707454,4.70662361918552,0.000233707061003035,1.00571660651577,1,-299.436103149706
0,50,Matern 3/2,Z,Yes,Default,1,0.000238789026872022,8.12815030070089e-05,0.999989232744458,-5.76218687570907,-4.56319874602192,0.000304653496882959,1.07457210306345e-05,1,-75.9098028558328
0,50,Matern 5/2,X,Yes,Default,1,0.000297823042505697,0.000121128036012474,0.99998324847824,-5.82150949841392,-4.62245289698653,0.000294961799992417,1.67180187162281e-05,1,-33.8600756143246
0,50,Matern 5/2,Y,Yes,Default,1,5.47694753071825e-06,3.87674799132339e-06,-0.00773219341458264,-5.9888012470585,4.70662361920157,0.000233707061007816,1.00571672902775,1,-299.436103148987
0,50,Matern 5/2,Z,Yes,Default,1,0.000297068802620172,0.000120965489856007,0.99998333557318,-5.82176072012192,-4.62277259043476,0.0002948191116735,1.66310979661571e-05,1,-35.2850328657313
0,50,RatQuad,X,Yes,Default,1,0.000383269202277946,0.000208114561250559,0.999972257504811,-5.84078713655777,-4.64173053513038,0.000303584159490603,2.76870101988865e-05,1,5.84221201922288
0,50,RatQuad,Y,Yes,Default,1,5.47694760341302e-06,3.87674806132149e-06,-0.00773222016556363,-5.98880124698355,4.70662361927653,0.000233707061025557,1.00571675572523,1,-299.436103145253
0,50,RatQuad,Z,Yes,Default,1,0.000382585554203982,0.000207872613125805,0.999972360293659,-5.84104642340755,-4.6420582937204,0.000303425055367386,2.7584426928155e-05,1,-1.55139237246634
0.01,5,SqExp,X,Yes,Default,1,0.0134462776904934,0.00814544613438015,0.965853843550833,-2.70175420328083,-1.70619147929735,0.00805576987521897,0.0340778641362688,1,64.691489910206
0.01,5,SqExp,Y,Yes,Default,1,7.00387159703887e-06,4.4782057958829e-06,-0.647951109474842,-5.98879171849263,4.39291790391661,0.00023371466346271,1.64465520725589,1,-29.9438298541934
0.01,5,SqExp,Z,Yes,Default,1,0.0132943321403969,0.00832809966019156,0.966625917232391,-2.71326161882812,-1.71770541414787,0.00797442978809391,0.0333073346020737,1,0.772802134599064
0.01,5,Matern 1/2,X,Yes,Default,1,0.0134516256314556,0.00818525448212797,0.965826676486799,-2.24593012046953,-1.25036739648604,0.0115927694627845,0.0341049768661749,1,101.695976003297
0.01,5,Matern 1/2,Y,Yes,Default,1,7.00387178770021e-06,4.47820521349841e-06,-0.647951199196808,-5.98879171848298,4.39291790392627,0.00023371466346572,1.64465529679841,1,-29.9438298918658
0.01,5,Matern 1/2,Z,Yes,Default,1,0.0130987990088302,0.00754368314405891,0.967600430061036,-2.23473501222527,-1.23917880754502,0.0116455944752214,0.0323347707990861,1,2.72026975220209
0.01,5,Matern 3/2,X,Yes,Default,1,0.0141516500265335,0.0084997583597665,0.96217736048634,-3.03956988999406,-2.04400716601058,0.00686504340688273,0.0377469942346328,0.88,50.3645014164014
0.01,5,Matern 3/2,Y,Yes,Default,1,7.00387173128392e-06,4.47820557352091e-06,-0.647951172648264,-5.98879171850625,4.392917903903,0.000233714663460059,1.64465527030297,1,-29.9438298842113
0.01,5,Matern 3/2,Z,Yes,Default,1,0.0142612745298665,0.00853936953915133,0.961594540169615,-3.01648123302746,-2.0209250283472,0.0069761740336622,0.0383286489107244,0.888,0.21544425443789
0.01,5,Matern 5/2,X,Yes,Default,1,0.0131403581244235,0.00851020159792048,0.967389904028439,-2.85402090506606,-1.85845818108257,0.00644916120027802,0.0325448757796176,0.81,51.143774332884
0.01,5,Matern 5/2,Y,Yes,Default,1,7.00387168579591e-06,4.47820568554199e-06,-0.647951151242384,-5.98879171847844,4.39291790393081,0.000233714663466378,1.6446552489399,1,-29.9438298754473
0.01,5,Matern 5/2,Z,Yes,Default,1,0.0132408269785448,0.00854478557593233,0.966894015289932,-2.83603746395243,-1.84048125927218,0.0065684797730448,0.0330397727406478,0.83,0.215956339196264
0.01,5,RatQuad,X,Yes,Default,1,0.0131321574193315,0.00794455967380326,0.967430594294153,-2.78196964033149,-1.78640691634801,0.00759919269105091,0.0325042668944356,1,58.140443535544
0.01,5,RatQuad,Y,Yes,Default,1,7.00387150952367e-06,4.47820570371236e-06,-0.647951068291682,-5.98879171856994,4.3929179038393,0.000233714663444299,1.6446551661551,1,-29.9438298460187
0.01,5,RatQuad,Z,Yes,Default,1,0.0129919753471715,0.00808817280267606,0.968126726847603,-2.80636254570774,-1.81080634102748,0.00747174015158072,0.0318095266060926,1,0.502932435007415
0.01,10,SqExp,X,Yes,Default,1,0.00289149809985808,0.00172359918754935,0.99842099503237,-4.39360931830896,-3.25553182297275,0.00153967942055254,0.00157584695769439,0.94,37.3923699235178
0.01,10,SqExp,Y,Yes,Default,1,5.95335797141267e-06,3.68638534688333e-06,-0.190671522014476,-5.98879852435593,4.605837443332,0.000233709233334554,1.18829017897045,1,-59.8874608531031
0.01,10,SqExp,Z,Yes,Default,1,0.00302491495152889,0.00178841107638578,0.998272163571577,-4.38149408266034,-3.24470134145868,0.00156953222199043,0.00172438075556664,0.932,-0.0984986351629722
0.01,10,Matern 1/2,X,Yes,Default,1,0.00409090146999355,0.00175230851560666,0.9968393550447,-3.11621267454205,-1.97813517920584,0.0046301265154047,0.00315432366538927,1,80.700951954721
0.01,10,Matern 1/2,Y,Yes,Default,1,5.95335711018835e-06,3.6863836204097e-06,-0.190671177524793,-5.98879852435318,4.60583744333475,0.000233709233332304,1.18828983516974,1,-59.887460795639
0.01,10,Matern 1/2,Z,Yes,Default,1,0.0043079421490748,0.00201051635722344,0.996495581097912,-3.11196928347766,-1.975176542276,0.0046729895573405,0.00349741006428427,1,-3.85981528727401
0.01,10,Matern 3/2,X,Yes,Default,1,0.00312027936048777,0.00136043555174526,0.99816124176547,-4.56810028613644,-3.43002279080023,0.00138220158474544,0.00183508071806134,0.924,12.4344586737483
0.01,10,Matern 3/2,Y,Yes,Default,1,5.95335751358354e-06,3.68638457853227e-06,-0.190671338882843,-5.98879852440746,4.60583744328047,0.000233709233320974,1.18828999620508,1,-59.8874603620353
0.01,10,Matern 3/2,Z,Yes,Default,1,0.00330882293498218,0.00148889492116558,0.997932605560786,-4.50381379589179,-3.36702105469013,0.00144739820988188,0.00206325965033556,0.914,-0.304763384425991
0.01,10,Matern 5/2,X,Yes,Default,1,0.00231884812313104,0.00108205506736759,0.998984494492099,-4.79403179104129,-3.65595429570509,0.000990616017604357,0.00101347449688531,0.916,17.7754309597342
0.01,10,Matern 5/2,Y,Yes,Default,1,5.95335768700954e-06,3.68638490524849e-06,-0.190671408253231,-5.98879852443519,4.60583744325275,0.000233709233315077,1.18829006543672,1,-59.8874600581005
0.01,10,Matern 5/2,Z,Yes,Default,1,0.00256308298329451,0.00123384241396532,0.998759486132344,-4.64142008930512,-3.50462734810346,0.0011122595811304,0.0012380328399207,0.912,1.491818430103
0.01,10,RatQuad,X,Yes,Default,1,0.00284952439410258,0.00162833756667229,0.998466504759969,-4.40289405229029,-3.26481655695409,0.00151343608981572,0.00153042824955084,0.94,24.6646103270737
0.01,10,RatQuad,Y,Yes,Default,1,5.95335796486429e-06,3.68638529921235e-06,-0.190671519395124,-5.98879852436584,4.60583744332209,0.000233709233332217,1.18829017635633,1,-59.8874608536129
0.01,10,RatQuad,Z,Yes,Default,1,0.00251661488136174,0.00126913719190201,0.998804058848937,-4.61556130735829,-3.47876856615664,0.00120915245141452,0.00119354926876053,0.924,0.417506545115241
0.01,25,SqExp,X,Yes,Default,1,0.000952263218311449,0.00072036464623945,0.999828741674468,-5.51084300412839,-4.32029069421367,0.000537365793236717,0.000170915808880994,0.978,26.2336867407892
0.01,25,SqExp,Y,Yes,Default,1,5.54498443011705e-06,3.76285223136128e-06,-0.0329246321721866,-5.98880087201919,4.69221001613512,0.000233707360170765,1.03085878290784,1,-149.71822706004
0.01,25,SqExp,Z,Yes,Default,1,0.000889950590189926,0.000595023342143205,0.999850442540309,-5.5475588474312,-4.35772367023575,0.00048130448353181,0.000149258344771938,0.958,3.59878281092521
0.01,25,Matern 1/2,X,Yes,Default,1,0.00105291153299616,0.000797234449202202,0.999790626631958,-4.0585372464183,-2.86798493650357,0.00173644367018004,0.00020895462130576,1,-5.65567076043224
0.01,25,Matern 1/2,Y,Yes,Default,1,5.54497603879479e-06,3.76284298339804e-06,-0.0329215058886008,-5.9888008722221,4.69221001593221,0.000233707360097096,1.03085566287682,1,-149.718225500835
0.01,25,Matern 1/2,Z,Yes,Default,1,0.00116087329889745,0.000773870451814003,0.999745524525203,-4.04910008026374,-2.85926490306829,0.00176032570309945,0.000253966523847279,1,-40.2925208699502
0.01,25,Matern 3/2,X,Yes,Default,1,0.000852817472815505,0.000660919488355634,0.999862643298421,-5.46087691064647,-4.27032460073175,0.000515997719254257,0.000137081988175951,0.996,-11.427566236139
0.01,25,Matern 3/2,Y,Yes,Default,1,5.54498248691987e-06,3.76285021679487e-06,-0.0329239082113149,-5.98880087212717,4.69221001602714,0.000233707360139453,1.03085806039489,1,-149.718227062487
0.01,25,Matern 3/2,Z,Yes,Default,1,0.000871016040958039,0.000622543657602303,0.999856738796429,-5.451043138851,-4.26120796165555,0.000511225708483212,0.000142974681163703,0.976,-12.8169338938423
0.01,25,Matern 5/2,X,Yes,Default,1,0.000818759045111367,0.000639769445462866,0.999873395280466,-5.55352902583077,-4.36297671591605,0.000485282529661644,0.000126351510095028,0.996,8.40927670794248
0.01,25,Matern 5/2,Y,Yes,Default,1,5.5449840939502e-06,3.76285189027557e-06,-0.0329245069292716,-5.98880087200406,4.69221001615025,0.00023370736017325,1.03085865791541,1,-149.718227059618
0.01,25,Matern 5/2,Z,Yes,Default,1,0.000839470909192815,0.000540067672262026,0.99986692772224,-5.51459665787029,-4.32476148067484,0.000476765933004621,0.000132806133204552,0.966,5.32309913284921
0.01,25,RatQuad,X,Yes,Default,1,0.000844814557730595,0.000650323595827341,0.999865209137666,-5.57195286225621,-4.38140055234149,0.000489474633685939,0.000134521280609422,0.996,16.2543303303174
0.01,25,RatQuad,Y,Yes,Default,1,5.5449842641463e-06,3.76285206319239e-06,-0.0329245703378303,-5.98880087210621,4.6922100160481,0.000233707360149909,1.03085872119715,1,-149.718227062147
0.01,25,RatQuad,Z,Yes,Default,1,0.000900069106290682,0.000596600333018713,0.999847022344851,-5.52894839834941,-4.33911322115396,0.000486718857341923,0.000152671699838682,0.96,8.17168877032275
0.01,50,SqExp,X,Yes,Default,1,0.000522437848107272,0.000380979857545161,0.999948452579472,-5.79646100584982,-4.59736607514904,0.00034446828407501,5.14443256868899e-05,0.998,25.9437545959838
0.01,50,SqExp,Y,Yes,Default,1,5.47672573107029e-06,3.87740847545258e-06,-0.00765057491498844,-5.9888012483053,4.70663716430439,0.000233707060031203,1.00563527376516,1,-299.436102343885
0.01,50,SqExp,Z,Yes,Default,1,0.000536118194894446,0.000418303499393651,0.999945725306157,-5.78310354386906,-4.58413499844551,0.000352059023856696,5.41661444557767e-05,1,4.33353945601794
0.01,50,Matern 1/2,X,Yes,Default,1,0.000516462274995534,0.000411994459872322,0.999949625020577,-4.68424604091159,-3.4851511102108,0.000910581642626905,5.02742294644736e-05,1,-94.6199592575626
0.01,50,Matern 1/2,Y,Yes,Default,1,5.47671125247186e-06,3.877393755455e-06,-0.00764524715184645,-5.98880124832589,4.7066371642838,0.000233707059981655,1.00562995665754,1,-299.436102341137
0.01,50,Matern 1/2,Z,Yes,Default,1,0.000707392062729365,0.000550865611857082,0.999905507649098,-4.66375932661673,-3.46479078119318,0.000945898249743358,9.43033662005996e-05,1,-117.659741800242
0.01,50,Matern 3/2,X,Yes,Default,1,0.000421972641929606,0.000334085492182126,0.999966371595422,-5.71930892728544,-4.52021399658466,0.000344143971205824,3.35611477685392e-05,1,-73.6700658896837
0.01,50,Matern 3/2,Y,Yes,Default,1,5.47672529456057e-06,3.87740805307823e-06,-0.00765041429009217,-5.98880124828987,4.70663716431982,0.00023370706003346,1.00563511346151,1,-299.43610234301
0.01,50,Matern 3/2,Z,Yes,Default,1,0.000621559131971681,0.000491536993292456,0.999927047329874,-5.64435511332027,-4.44538656789673,0.000408605519886568,7.28067647853948e-05,1,-71.1722840703075
0.01,50,Matern 5/2,X,Yes,Default,1,0.000431302849165184,0.000331602512677997,0.999964868044175,-5.78651134857392,-4.58741641787314,0.000327862696672217,3.50616919136483e-05,1,-35.2386148296362
0.01,50,Matern 5/2,Y,Yes,Default,1,5.47672562833851e-06,3.87740837654564e-06,-0.00765053711220443,-5.98880124827382,4.70663716433586,0.000233707060038241,1.00563523603798,1,-299.436102342291
0.01,50,Matern 5/2,Z,Yes,Default,1,0.000536862516334677,0.000413368703988617,0.999945574496645,-5.73580780784265,-4.5368392624191,0.000364632919968945,5.43166523481485e-05,1,-32.4788069045471
0.01,50,RatQuad,X,Yes,Default,1,0.000523011302705348,0.000382789105509884,0.999948339355176,-5.79494394825871,-4.59584901755792,0.000344692994072964,5.15573235338673e-05,0.998,6.92739779590313
0.01,50,RatQuad,Y,Yes,Default,1,5.47672570107355e-06,3.87740844657971e-06,-0.00765056387692065,-5.98880124819887,4.70663716441082,0.000233707060055982,1.00563526274917,1,-299.436102338556
0.01,50,RatQuad,Z,Yes,Default,1,0.000524887798487715,0.000404212759741699,0.999947975340838,-5.78464556474079,-4.58567701931725,0.000348939243391578,5.19206098436365e-05,1,0.391207224109394
0.05,5,SqExp,X,Yes,Default,1,0.0133461404040652,0.00826250499856978,0.966360537133637,-2.7736645604588,-1.77746049895658,0.00770450985030883,0.0335721839406298,1,64.8951339558404
0.05,5,SqExp,Y,Yes,Default,1,7.0030906820011e-06,4.47724424019516e-06,-0.647583644697286,-5.98879172396175,4.39224091358923,0.00023371465909911,1.64428847740789,1,-29.9438299669562
0.05,5,SqExp,Z,Yes,Default,1,0.0134816393383084,0.00929528332260884,0.965678860506577,-2.80400697814128,-1.80812879476931,0.00773191076617626,0.0342524972144365,1,0.92455261288807
0.05,5,Matern 1/2,X,Yes,Default,1,0.0140012921049955,0.00937499659421591,0.962976803985132,-2.25262458594842,-1.25642052444619,0.0115705710890333,0.0369491496228385,0.998,100.827480281934
0.05,5,Matern 1/2,Y,Yes,Default,1,7.00309090665686e-06,4.47724366882118e-06,-0.647583750404661,-5.98879172395186,4.39224091359912,0.000233714659102309,1.64428858290385,1,-29.9438300046287
0.05,5,Matern 1/2,Z,Yes,Default,1,0.0126476009320935,0.00784826608267524,0.969794043206606,-2.18837324373618,-1.19249506036421,0.0119722083243407,0.030145544879807,0.998,2.91263906289468
0.05,5,Matern 3/2,X,Yes,Default,1,0.0141506190674624,0.00884703791137158,0.962182871104942,-2.95242112942936,-1.95621706792714,0.00702584394864252,0.037741494637268,0.856,48.141314909807
0.05,5,Matern 3/2,Y,Yes,Default,1,7.00309083743601e-06,4.47724402552406e-06,-0.647583717834142,-5.98879172397522,4.39224091357576,0.000233714659096577,1.64428855039847,1,-29.9438299969742
0.05,5,Matern 3/2,Z,Yes,Default,1,0.0151646486602674,0.00971275107628505,0.956574883245027,-2.66721183217277,-1.6713336488008,0.00796845339394696,0.0433382665214626,0.846,0.422302827366197
0.05,5,Matern 5/2,X,Yes,Default,1,0.0131743666156579,0.00879679057728403,0.967220889565197,-2.65896012190267,-1.66275606040045,0.00671006836939965,0.0327135522139338,0.734,49.6504460114481
0.05,5,Matern 5/2,Y,Yes,Default,1,7.00309078359956e-06,4.47724413485358e-06,-0.647583692502454,-5.98879172394747,4.39224091360351,0.000233714659102849,1.64428852511745,1,-29.9438299882102
0.05,5,Matern 5/2,Z,Yes,Default,1,0.0142006930386173,0.00947767834953345,0.961920137749374,-2.2598701206805,-1.26399193730853,0.00773348002074513,0.0380037025261247,0.72,0.332821238428017
0.05,5,RatQuad,X,Yes,Default,1,0.0131241817025255,0.00827167254466439,0.967470143846476,-2.85041294217753,-1.85420888067531,0.00732210228516944,0.032464796441217,1,57.5824130359491
0.05,5,RatQuad,Y,Yes,Default,1,7.00309058951565e-06,4.47724414488262e-06,-0.647583601180068,-5.98879172403909,4.39224091351188,0.000233714659080671,1.64428843397771,1,-29.9438299587815
0.05,5,RatQuad,Z,Yes,Default,1,0.0134787992404091,0.00931662820162999,0.965693319449802,-2.91368840923095,-1.91781022585899,0.00733106078418093,0.0342380671890974,0.904,0.685094560038248
0.05,10,SqExp,X,Yes,Default,1,0.00346597747445507,0.00263786601351401,0.997731236923115,-4.21871321633062,-3.0781713491551,0.00193497203765519,0.00226422555073091,0.954,40.4318542415411
0.05,10,SqExp,Y,Yes,Default,1,5.94123083804687e-06,3.68370687503219e-06,-0.185825609614746,-5.98879859647949,4.60846193373583,0.000233709175790334,1.18345395839552,1,-59.8874575628891
0.05,10,SqExp,Z,Yes,Default,1,0.0042586280961668,0.00286627408220141,0.996575353738162,-4.03539630724036,-2.90116839132227,0.00228478978764432,0.00341779696931402,0.932,-0.336879631142063
0.05,10,Matern 1/2,X,Yes,Default,1,0.00410402232698294,0.00243754500731645,0.996819048090222,-3.11176371111915,-1.97122184394364,0.0046172086000876,0.00317459000595867,0.998,83.0198304680129
0.05,10,Matern 1/2,Y,Yes,Default,1,5.9412300702854e-06,3.68370530629953e-06,-0.185825303135772,-5.98879859647618,4.60846193373914,0.000233709175788534,1.1834536525295,1,-59.8874575054255
0.05,10,Matern 1/2,Z,Yes,Default,1,0.00517195040000577,0.00326983890105819,0.994948911340606,-3.08708083208203,-1.95285291616394,0.00486825977182863,0.00504098648207479,1,-4.00094731234057
0.05,10,Matern 3/2,X,Yes,Default,1,0.00336861660381549,0.00227374878305525,0.997856907858807,-4.3326274884755,-3.19208562129999,0.00173295312024395,0.00213880595691036,0.888,13.457590882355
0.05,10,Matern 3/2,Y,Yes,Default,1,5.94123044006878e-06,3.68370619279085e-06,-0.185825450747799,-5.98879859653066,4.60846193368466,0.000233709175777042,1.1834537998463,1,-59.8874570718233
0.05,10,Matern 3/2,Z,Yes,Default,1,0.0043796096525214,0.00288860634703486,0.99637801124572,-3.85307417927624,-2.71884626335815,0.00223578120994376,0.00361474477677108,0.818,-0.585955864855398
0.05,10,Matern 5/2,X,Yes,Default,1,0.00333829125109012,0.0023791628329764,0.997895319766321,-4.19848289709202,-3.0579410299165,0.00188645807482471,0.00210047087321134,0.962,18.4236828411681
0.05,10,Matern 5/2,Y,Yes,Default,1,5.94123059376726e-06,3.68370648762321e-06,-0.185825512101949,-5.9887985965585,4.60846193365682,0.00023370917577105,1.18345386107774,1,-59.8874567678893
0.05,10,Matern 5/2,Z,Yes,Default,1,0.00422179320151309,0.00271621224067198,0.996634340308979,-4.01688987790767,-2.88266196198958,0.00225711102069223,0.00335892837163887,0.934,0.548872577564946
0.05,10,RatQuad,X,Yes,Default,1,0.00348294093920531,0.00261735329471895,0.997708974653034,-4.20176516728466,-3.06122330010914,0.00194779948391513,0.00228644329627211,0.954,27.6161453965887
0.05,10,RatQuad,Y,Yes,Default,1,5.94123082801416e-06,3.6837068265651e-06,-0.185825605609834,-5.98879859648942,4.6084619337259,0.00023370917578798,1.18345395439861,1,-59.8874575633988
0.05,10,RatQuad,Z,Yes,Default,1,0.00427566552102791,0.0028489922251279,0.996547897070757,-4.02285086388013,-2.88862294796204,0.00229689945974898,0.00344519872338488,0.932,0.0968176771872784
0.05,25,SqExp,X,Yes,Default,1,0.0032899229961443,0.00262944573429456,0.997955867045325,-4.28332889297031,-3.0939084523757,0.0018840108136421,0.00204004468876549,1,119.545844531837
0.05,25,SqExp,Y,Yes,Default,1,5.54617994711828e-06,3.76162413763869e-06,-0.0333700841283882,-5.98880086538936,4.6926382490775,0.000233707365460271,1.03130334396013,1,-149.718224618313
0.05,25,SqExp,Z,Yes,Default,1,0.00346143207254742,0.00265518119881456,0.99773750350115,-4.19724689292908,-3.01138316830673,0.00193833911119823,0.00225797150585272,0.954,-1.79407474781041
0.05,25,Matern 1/2,X,Yes,Default,1,0.00365801737888672,0.00300617113679373,0.997472860577135,-3.83997437642397,-2.65055393582936,0.00246475909631205,0.00252208514401925,0.984,-3.16271386722141
0.05,25,Matern 1/2,Y,Yes,Default,1,5.5461716296027e-06,3.76161498287084e-06,-0.0333669846741982,-5.98880086559187,4.69263824887499,0.00023370736538692,1.03130025070485,1,-149.718223059113
0.05,25,Matern 1/2,Z,Yes,Default,1,0.00358900984031829,0.00292320424199538,0.997567652689344,-3.81029380997117,-2.62443008534881,0.00249321124309093,0.00242748261603456,0.982,-39.0596130048588
0.05,25,Matern 3/2,X,Yes,Default,1,0.00331815009049755,0.00271522735844752,0.997920639799785,-4.2495009560811,-3.06008051548649,0.00191763496344974,0.00207520147981428,1,-9.41278313266939
0.05,25,Matern 3/2,Y,Yes,Default,1,5.54617802211838e-06,3.7616221418926e-06,-0.0333693667924992,-5.98880086549724,4.69263824896962,0.000233707365429037,1.03130262805891,1,-149.718224620761
0.05,25,Matern 3/2,Z,Yes,Default,1,0.00329604828935668,0.00248729305664012,0.997948538265417,-4.17497005886422,-2.98910633424187,0.00191815557241724,0.00204735881111373,0.978,-16.356255859238
0.05,25,Matern 5/2,X,Yes,Default,1,0.00325801919016826,0.00264500951457614,0.9979953204971,-4.27364599119712,-3.08422555060251,0.00187940290946523,0.00200067014389453,1,9.6717027181224
0.05,25,Matern 5/2,Y,Yes,Default,1,5.54617961406383e-06,3.76162379964654e-06,-0.03336996001828,-5.98880086537421,4.69263824909265,0.000233707365462769,1.03130322009824,1,-149.718224617891
0.05,25,Matern 5/2,Z,Yes,Default,1,0.00335394235601727,0.00254031524825067,0.997875838772734,-4.1963164912012,-3.01045276657885,0.00190322765086013,0.00211991290481137,0.96,-6.02646569735116
0.05,25,RatQuad,X,Yes,Default,1,0.00327880729746756,0.00263753603237517,0.99796965677872,-4.28245961426373,-3.09303917366912,0.00188065997346665,0.00202628253483795,1,32.9539728802453
0.05,25,RatQuad,Y,Yes,Default,1,5.54617978268268e-06,3.76162397099221e-06,-0.0333700228527603,-5.98880086547637,4.69263824899049,0.000233707365439422,1.03130328280705,1,-149.71822462042
0.05,25,RatQuad,Z,Yes,Default,1,0.00347086724301737,0.00265437988571554,0.997725152466327,-4.19206616421413,-3.00620243959178,0.00194442513069191,0.00227029783860567,0.954,-1.60127398146193
0.05,50,SqExp,X,Yes,Default,1,0.00165485619867306,0.00137208241966643,0.999482800381411,-4.6345347339261,-3.43539098092062,0.00110471278683821,0.00051616521935175,0.998,53.3267594037796
0.05,50,SqExp,Y,Yes,Default,1,5.47584981325843e-06,3.88008121873311e-06,-0.00732828435329957,-5.98880125310207,4.70676213468734,0.000233707056204378,1.00531362778459,1,-299.436097057765
0.05,50,SqExp,Z,Yes,Default,1,0.00184531245459807,0.00163202224592025,0.99935699238692,-4.33286307031463,-3.13417636514065,0.00141169343290389,0.0006417215978535,1,-20.6486445862403
0.05,50,Matern 1/2,X,Yes,Default,1,0.0025544276063103,0.00203596085579451,0.998767676098247,-4.30775076174257,-3.10860700873709,0.00159516913257411,0.00122985925394962,0.964,-87.5594930448022
0.05,50,Matern 1/2,Y,Yes,Default,1,5.47583529983159e-06,3.88006648862362e-06,-0.00732294462832961,-5.98880125312284,4.70676213466658,0.000233707056154689,1.00530829873907,1,-299.436097055017
0.05,50,Matern 1/2,Z,Yes,Default,1,0.00353133788424245,0.00278806438393101,0.99764519561342,-4.06042620781879,-2.86173950264481,0.0020726204715695,0.00235009477780714,0.942,-108.636012469779
0.05,50,Matern 3/2,X,Yes,Default,1,0.00172965100673272,0.00139281806191388,0.999434991941843,-4.55780410368237,-3.35866035067688,0.00117686871880999,0.000563878042040169,0.998,-76.2010434341961
0.05,50,Matern 3/2,Y,Yes,Default,1,5.47584937576559e-06,3.88008079641491e-06,-0.00732812339238564,-5.98880125308665,4.70676213470276,0.000233707056206631,1.0053134671456,1,-299.436097056889
0.05,50,Matern 3/2,Z,Yes,Default,1,0.00211301544519051,0.00172921593525999,0.999156895063537,-4.34135356706748,-3.1426668618935,0.001461488853832,0.000841418726590281,1,-63.8085544852759
0.05,50,Matern 5/2,X,Yes,Default,1,0.0016676309831376,0.00134162911695711,0.999474784439351,-4.60797191823712,-3.40882816523164,0.00112414887718815,0.000524165129527701,0.998,-50.2170695979684
0.05,50,Matern 5/2,Y,Yes,Default,1,5.47584971029946e-06,3.88008111984414e-06,-0.00732824647297514,-5.9888012530706,4.70676213471882,0.000233707056211416,1.00531358998003,1,-299.43609705617
0.05,50,Matern 5/2,Z,Yes,Default,1,0.00173964239561987,0.00152720407289978,0.999428526291206,-4.32184058941625,-3.12315388424228,0.00140143076599273,0.000570330761376435,1,-47.411575305748
0.05,50,RatQuad,X,Yes,Default,1,0.001636032930513,0.00134422202146324,0.999494499306342,-4.63406371198564,-3.43491995898016,0.00109953746653526,0.0005044896922707,0.998,-13.5445827174789
0.05,50,RatQuad,Y,Yes,Default,1,5.47584978319547e-06,3.88008118986559e-06,-0.00732827329263297,-5.98880125299564,4.70676213479377,0.000233707056229157,1.00531361674605,1,-299.436097052436
0.05,50,RatQuad,Z,Yes,Default,1,0.0018053881510788,0.00160984608166646,0.999384515012088,-4.32792236216498,-3.129235656991,0.00140846868340515,0.000614254017935671,1,-31.6504197682752
