Noise,N,Kernel,Regular,Optimization,N_per_Time,RMSE,MAE,R2,NLPD,MSLL,CRPS,sMSE,Coverage,NLML
0,5,SqExp,Yes,Default,1,73.5199688700213,45.6203864485504,0.95132071499211,5.30661032126763,-1.98231440433046,34.1479777273176,0.0485819264378743,0.824,44.639316314437
0,5,Matern 1/2,Yes,Default,1,104.510280534308,72.2366303647358,0.901632510231593,6.35707609260067,-0.931848632997419,68.7262515192528,0.0981707547888702,1,46.3655956208283
0,5,Matern 3/2,Yes,Default,1,67.9976867162161,33.5955963457602,0.958358934050006,5.51190511779571,-1.77701960780238,36.448431189809,0.041557783818094,1,45.0874149019906
0,5,Matern 5/2,Yes,Default,1,68.1291676162155,35.9031191401658,0.958197743328661,5.29098581105284,-1.99793891454525,32.8018344591626,0.041718652157996,1,44.7200805591425
0,5,RatQuad,Yes,Default,1,73.5199033290047,45.6202996840263,0.951320801784541,5.30658968863119,-1.9823350369669,34.1479032138656,0.0485818398190283,0.824,44.6393167392092
0,10,SqExp,Yes,Default,1,18.2241400192263,8.89115184041303,0.997008922617841,5.01027841434165,-2.2395487290409,8.01020407220262,0.00298509522739488,0.816,97.6023462468237
0,10,Matern 1/2,Yes,Default,1,20.3208111546444,10.8851146061512,0.996281090228891,5.35389228865642,-1.89593485472613,22.2357462275202,0.00371147195156704,1,85.2155961288648
0,10,Matern 3/2,Yes,Default,1,8.53018895647847,4.90013003056862,0.999344683859369,4.02882399298954,-3.22100315039301,6.61660587850916,0.000654005508349653,1,89.9898856887766
0,10,Matern 5/2,Yes,Default,1,11.0913688961781,5.45200175166862,0.998892091582724,3.71419866514517,-3.53562847823738,5.71234605808558,0.00110569260044187,1,92.886207275989
0,10,RatQuad,Yes,Default,1,18.2260750723043,8.89262023784511,0.997008287394366,5.01666713692119,-2.23316000646136,8.01018473655443,0.00298572918042296,0.816,97.6030471499351
0,25,SqExp,Yes,Default,1,1.40384684796134,0.91370846119681,0.999982251035359,2.45597775173935,-4.77558340974437,1.20546540898043,1.77134667121163e-05,1,262.943207702565
0,25,Matern 1/2,Yes,Default,1,3.56698108634859,1.72866945519433,0.999885413046032,4.37987624343116,-2.85168491805256,7.97851908277145,0.000114357780059956,1,172.400979487607
0,25,Matern 3/2,Yes,Default,1,0.35893023848427,0.161961723689214,0.999998839744444,2.66903697217344,-4.56252418931029,1.35791697319623,1.15793504500608e-06,1,192.380758270884
0,25,Matern 5/2,Yes,Default,1,0.482922570300807,0.249957705361773,0.999997899665004,2.48244749667448,-4.74911366480924,1.12981670082194,2.0961343260134e-06,1,212.428624928576
0,25,RatQuad,Yes,Default,1,0.912882094264411,0.513573506878512,0.999992494788434,2.44165556847783,-4.7899055930059,1.12228264295652,7.49020114282631e-06,1,205.094490691985
0,50,SqExp,Yes,Default,1,0.948608379028882,0.635456512406909,0.999991895849928,2.31201954481863,-4.91664695524212,1.0039997052924,8.08794177226234e-06,1,530.672499386757
0,50,Matern 1/2,Yes,Default,1,0.926258715092124,0.458827083541748,0.999992273226596,3.7150702206864,-3.51359627937435,4.00907534405052,7.71131985742563e-06,1,304.750529601126
0,50,Matern 3/2,Yes,Default,1,0.252627699477399,0.110073746186223,0.999999425228142,2.41233626872678,-4.81633023133397,1.04452507975553,5.73622314599721e-07,1,340.081128885788
0,50,Matern 5/2,Yes,Default,1,0.331312190777056,0.155945966505837,0.999999011427798,2.33462084359923,-4.89404565646152,0.970220819108638,9.86595057675699e-07,1,375.5884862335
0,50,RatQuad,Yes,Default,1,0.633024138133375,0.35180391630569,0.999996391106193,2.30501450534149,-4.92365199471926,0.962792125847557,3.60167601977807e-06,1,374.941635083502
0.01,5,SqExp,Yes,Default,1,73.3780301583492,45.36843677556,0.951508495409845,5.29783732507224,-1.99194013776649,34.0586859272686,0.0483945215809752,0.83,44.653698016842
0.01,5,Matern 1/2,Yes,Default,1,104.872471115043,72.2454809181098,0.90094952452274,6.36555155291789,-0.924225909920839,69.1642650703584,0.0988523745263055,1,46.3625078762567
0.01,5,Matern 3/2,Yes,Default,1,67.9851709709078,32.6693155784288,0.95837426166003,5.5234413829617,-1.76633607987704,36.6439254806247,0.0415424868632899,1,45.1090381326453
0.01,5,Matern 5/2,Yes,Default,1,68.0771277834842,35.4651589464443,0.958261579471042,5.3001555514159,-1.98962191142283,32.8911198970895,0.0416549436878999,1,44.7408287620212
0.01,5,RatQuad,Yes,Default,1,73.3779576571242,45.3683366626887,0.951508591233942,5.29782076775852,-1.99195669508021,34.0586130928072,0.0483944259485261,0.83,44.6536983852858
0.01,10,SqExp,Yes,Default,1,17.0421248201567,9.49409670000363,0.997384341478558,4.27199748237522,-2.978811232595,9.02765915540668,0.00261042720439913,0.95,97.2809032326081
0.01,10,Matern 1/2,Yes,Default,1,19.4392849619425,11.4086895896122,0.996596747798502,5.36135257538467,-1.88945613958555,22.2712941468125,0.00339644569709529,1,85.3524351183846
0.01,10,Matern 3/2,Yes,Default,1,9.50592920722118,6.45126275292393,0.999186190578931,4.08069378320146,-3.17011493176877,7.05212000329377,0.000812181802227223,1,90.1395968463445
0.01,10,Matern 5/2,Yes,Default,1,12.3599188733012,7.09865508280935,0.998624169913987,3.80487535201263,-3.44593336295759,6.3626815854316,0.00137307842584121,1,93.0213521372268
0.01,10,RatQuad,Yes,Default,1,17.0421557608301,9.4940581386462,0.99738433198088,4.27199098809776,-2.97881772687246,9.02762650683318,0.00261043668308206,0.95,97.2808898568454
0.01,25,SqExp,Yes,Default,1,2.83622043799294,2.18360248271538,0.999927554147669,2.66399385319895,-4.56771435149194,1.7401179921803,7.23009606266715e-05,1,257.012606509474
0.01,25,Matern 1/2,Yes,Default,1,4.68109995079843,3.30781776376934,0.999802653517316,4.38708286443697,-2.84462534025393,8.10162151857283,0.000196951789718747,1,172.384457698571
0.01,25,Matern 3/2,Yes,Default,1,2.90820249686539,2.17092665933094,0.999923830194304,2.80372115850817,-4.42798704618273,1.90508054526063,7.601746608512e-05,1,192.709892135179
0.01,25,Matern 5/2,Yes,Default,1,2.7152466817655,2.03893834485173,0.99993360243618,2.645353342586,-4.5863548621049,1.68050973676633,6.62647686926577e-05,1,214.540206443825
0.01,25,RatQuad,Yes,Default,1,2.56729692464776,1.8997176017402,0.99994064111112,2.58961137354598,-4.64209683114491,1.58851151185543,5.924017110246e-05,1,196.187117067459
0.01,50,SqExp,Yes,Default,1,2.35372652952798,1.83322584322719,0.99995010631663,2.46722926616611,-4.76138155707191,1.43317209179084,4.97938960036574e-05,1,531.143613340022
0.01,50,Matern 1/2,Yes,Default,1,3.04288881710589,2.51783052986034,0.999916611582893,3.74774147816935,-3.48086934506867,4.27370877001411,8.32216402731599e-05,1,305.234532857372
0.01,50,Matern 3/2,Yes,Default,1,2.77519610081644,2.26323749669713,0.999930638110539,2.61329715360317,-4.61531366963485,1.68686761169895,6.9223165682622e-05,1,344.736961347998
0.01,50,Matern 5/2,Yes,Default,1,2.5039021420174,2.00229808179303,0.999943536438902,2.52148323039039,-4.70712759284763,1.52710564424455,5.63506339755518e-05,1,381.425996096972
0.01,50,RatQuad,Yes,Default,1,2.35332757787638,1.8351684813473,0.999950123228943,2.47473807942077,-4.75387274381725,1.44093710530329,4.97770175148158e-05,1,363.167879437047
0.05,5,SqExp,Yes,Default,1,73.6528257684916,46.142433572715,0.951144620728744,5.42086727101723,-1.87254499637375,35.135111053642,0.0487576685127131,0.8,44.7030492335134
0.05,5,Matern 1/2,Yes,Default,1,106.918738064461,73.0653234617611,0.897046477519357,6.40939239110851,-0.884019876282478,71.226052759081,0.102747615435682,0.998,46.3400144704577
0.05,5,Matern 3/2,Yes,Default,1,68.7805973118904,34.219471360659,0.957394521433003,5.62831025116953,-1.66510201622146,38.2188844637107,0.0425202676098634,0.99,45.1845987848062
0.05,5,Matern 5/2,Yes,Default,1,68.7464518727262,36.8600748815527,0.957436813059628,5.42530097867004,-1.86811128872094,34.271795265415,0.0424780605664912,0.982,44.8145662453029
0.05,5,RatQuad,Yes,Default,1,73.6531585291932,46.1449936399989,0.951144179274208,5.42945773402763,-1.86395453336335,35.1442516723999,0.04875810908434,0.798,44.7030593922494
0.05,10,SqExp,Yes,Default,1,21.7505583892453,18.5801765077497,0.995739364482299,4.97809652168394,-2.27712574887851,15.9054380139765,0.00425211424666601,1,95.3383455283033
0.05,10,Matern 1/2,Yes,Default,1,20.7076694103083,16.0720145447465,0.996138144604898,5.43431146257219,-1.82091080799027,23.5585925022744,0.00385413168431137,0.996,85.9316557200122
0.05,10,Matern 3/2,Yes,Default,1,20.1535941206075,15.9696823095007,0.99634204315424,4.81421549834781,-2.44100677221465,12.3393611721361,0.00365064093206843,0.918,90.7064208850585
0.05,10,Matern 5/2,Yes,Default,1,22.9179298956646,17.4287296016548,0.995269747378993,5.02856791982696,-2.22665435073549,13.1130855120899,0.00472079211576526,0.796,93.5195435424095
0.05,10,RatQuad,Yes,Default,1,21.7505556679107,18.5801735231196,0.995739365548443,4.97809653050647,-2.27712574005598,15.9054374759633,0.00425211318265428,1,95.3383451007395
0.05,25,SqExp,Yes,Default,1,13.2695320127713,10.8323577262907,0.998414213286351,4.11955423044481,-3.11286290280514,7.85566821648062,0.00158261514022126,1,253.175535460404
0.05,25,Matern 1/2,Yes,Default,1,14.007816933675,10.4292536425958,0.998232845680749,4.56759279789763,-2.66482433535232,10.4589111848001,0.00176362001061291,0.98,173.030640225983
0.05,25,Matern 3/2,Yes,Default,1,13.3904435300698,9.88876464245456,0.998385182354282,4.03300029050677,-3.19941684274318,7.34997211824642,0.00161158801042683,0.91,201.651003981727
0.05,25,Matern 5/2,Yes,Default,1,12.1454299073308,9.2848459501929,0.998671506769519,4.0206427089277,-3.21177442432224,7.07349549435338,0.00132583624402023,1,220.063756115208
0.05,25,RatQuad,Yes,Default,1,12.5665591774692,9.98457160287608,0.998577781501092,4.07031892797349,-3.16209820527646,7.42702630599388,0.00141937406190983,1,213.656002423765
0.05,50,SqExp,Yes,Default,1,9.75276646946125,7.06212633096992,0.999143378023296,4.01738480058322,-3.21107653818742,6.39449083898203,0.000854908732750977,1,509.465247548632
0.05,50,Matern 1/2,Yes,Default,1,15.1519735310204,12.3944422984017,0.997932374080575,4.36480443677799,-2.86365690199266,9.08497406992088,0.00206349066758569,0.948,312.817192755764
0.05,50,Matern 3/2,Yes,Default,1,11.2120247425097,8.85274927233636,0.998867856032638,4.01994634425916,-3.20851499451149,6.82640899453984,0.00112987967942707,1,365.216714310137
0.05,50,Matern 5/2,Yes,Default,1,10.1690967991441,7.68695643386883,0.999068681297229,3.99854572461183,-3.22991561415881,6.43538756752503,0.000929456065365835,1,405.510794124605
0.05,50,RatQuad,Yes,Default,1,9.90677752626502,7.31649070898489,0.999116109670586,4.00432489471907,-3.22413644405158,6.37967654419742,0.000882122548755552,1,355.776397311964
0.1,5,SqExp,Yes,Default,1,75.8772977299968,49.5689080223808,0.948148983702718,5.86168680467578,-1.43677432278431,38.6375581130274,0.0517473142646878,0.756,44.7463114358376
0.1,5,Matern 1/2,Yes,Default,1,110.771074208667,75.6242889995294,0.889493888686932,6.48464746310205,-0.81381366435803,74.4124838667089,0.110285099090442,0.996,46.2906565623825
0.1,5,Matern 3/2,Yes,Default,1,71.585329708014,42.8350844467447,0.953848946315572,5.8707372014704,-1.42772392598969,41.4661558184859,0.0460587515770593,0.97,45.2552915984432
0.1,5,Matern 5/2,Yes,Default,1,71.4845063058854,45.0011750811899,0.953978856437117,5.74879206487628,-1.5496690625838,37.5902913777731,0.0459291012757577,0.954,44.8862924369263
0.1,5,RatQuad,Yes,Default,1,75.877845259164,49.5707732852365,0.948148235388082,5.89855990157845,-1.39990122588164,38.6543214800197,0.0517480610826942,0.754,44.7463196572806
0.1,10,SqExp,Yes,Default,1,33.3573781197152,28.1008127412509,0.989978854275301,5.30954151192747,-1.95230494205985,22.867771462936,0.0100011034332494,1,94.1296891549734
0.1,10,Matern 1/2,Yes,Default,1,30.348529048298,24.0136182407252,0.991705143936755,5.60623190435571,-1.65561454963161,27.2188035850763,0.00827826635111856,0.988,86.6733692099425
0.1,10,Matern 3/2,Yes,Default,1,36.7613914308014,29.7647527680863,0.987829247125491,6.54498806923322,-0.716858384754095,22.2062836241275,0.0121464113687598,0.802,91.2661363643975
0.1,10,Matern 5/2,Yes,Default,1,35.0558845283972,27.7120199539912,0.988932349886049,5.04920091389838,-2.21264554008894,20.301895320283,0.0110455148137234,1,93.1133980816611
0.1,10,RatQuad,Yes,Default,1,33.3573748692065,28.1008088960039,0.989978856228321,5.30954151865525,-1.95230493533206,22.867770712821,0.0100011014841351,1,94.1296891258709
0.1,25,SqExp,Yes,Default,1,26.0238410860058,22.63082449446,0.993900751074747,4.77782611119137,-2.45578025630707,15.4218628092674,0.00608705042740208,1,238.356216180035
0.1,25,Matern 1/2,Yes,Default,1,26.9056069967815,19.7110743001574,0.993480427032411,5.0600248833243,-2.17358148417414,15.9291645708953,0.00650653382165353,0.948,175.27199785249
0.1,25,Matern 3/2,Yes,Default,1,23.2821604737084,17.2346421685127,0.995118198478477,4.64069361026531,-2.59291275723313,13.3378872259431,0.00487203791848015,0.986,202.854313801356
0.1,25,Matern 5/2,Yes,Default,1,22.9744862286444,18.4304422157867,0.995246372157895,4.67044901051956,-2.56315735697888,13.5614548511855,0.00474412058642081,1,219.551351944905
0.1,25,RatQuad,Yes,Default,1,23.632051380557,20.0185689873261,0.994970365733013,4.70421102473781,-2.52939534276062,14.0909947994698,0.00501957499845314,1,228.120785375198
0.1,50,SqExp,Yes,Default,1,18.0707310602059,14.0773101581969,0.997059067838056,4.77461316009608,-2.45379670496538,13.0074603212016,0.00293505029761977,1,480.807557494521
0.1,50,Matern 1/2,Yes,Default,1,30.4897061769537,24.9028812685887,0.991627791408306,5.42903729927247,-1.79937256578899,18.0095798514928,0.00835546417451052,0.866,328.145365151765
0.1,50,Matern 3/2,Yes,Default,1,19.7412787248358,15.2820950943598,0.996490185834755,4.67639769064276,-2.5520121744187,12.6073255212834,0.00350279453691429,1,379.02328883066
0.1,50,Matern 5/2,Yes,Default,1,18.2280440214709,13.9331720966593,0.997007640974531,4.67699711870809,-2.55141274635336,12.2237287215419,0.00298637430741783,1,416.586335860633
0.1,50,RatQuad,Yes,Default,1,18.2810405981151,13.6713331285553,0.996990215591915,4.68480416882019,-2.54360569624127,12.2918593191906,0.00300376483926926,1,359.647983056156
0.2,5,SqExp,Yes,Default,1,85.9048947889402,65.4807381037455,0.933538615770584,7.37092023917419,0.0606826797535448,49.4100955143543,0.0663284614609568,0.708,44.7735436526974
0.2,5,Matern 1/2,Yes,Default,1,122.368280725088,84.702524978324,0.865143688095086,6.69209697469311,-0.618140584727537,82.4953819533587,0.134586599281104,0.996,46.1323424895524
0.2,5,Matern 3/2,Yes,Default,1,82.1572503035974,61.6727216568178,0.939210950482818,6.61412302146242,-0.696114537958221,50.5617576552279,0.0606674714181472,0.94,45.3247727699075
0.2,5,Matern 5/2,Yes,Default,1,82.2704186724692,63.858621439581,0.939043366110095,6.78418378066311,-0.526053778757533,47.2707278111161,0.0608347206221255,0.904,44.9662184200317
0.2,5,RatQuad,Yes,Default,1,85.906112055104,65.4825137348853,0.933536732251197,7.51123811805121,0.201000558630566,49.4351638559201,0.0663303412133055,0.708,44.7735492726197
0.2,10,SqExp,Yes,Default,1,56.903629512505,44.8311359775341,0.970838255673807,5.72254501892781,-1.55620235005994,36.1522029271299,0.0291034208375402,1,92.7160943422245
0.2,10,Matern 1/2,Yes,Default,1,57.6362031479385,44.9344676357566,0.970082569648716,6.12137982649739,-1.15736754249036,38.9160807893385,0.0298575954905811,0.966,87.9382692950847
0.2,10,Matern 3/2,Yes,Default,1,69.9938022559249,57.0200494519774,0.955878249520268,6.18303033390257,-1.09571703508518,41.8716272723013,0.0440335069787723,0.776,91.6457438142854
0.2,10,Matern 5/2,Yes,Default,1,59.2161500732324,44.955298723265,0.968419871080977,5.64687258149757,-1.63187478749018,35.2987990252611,0.0315169686611845,1,91.8731078238843
0.2,10,RatQuad,Yes,Default,1,56.9036296033807,44.8311348094307,0.970838255580664,5.7225449224333,-1.55620244655445,36.1522009298532,0.0291034209304972,1,92.7160926286396
0.2,25,SqExp,Yes,Default,1,40.9621112158296,35.0280735853303,0.984888825296933,5.29784205448506,-1.93938601808326,24.9341622405273,0.0150809523536613,1,233.724046162438
0.2,25,Matern 1/2,Yes,Default,1,53.0519460700013,38.8324582108669,0.974652437607434,6.35004083791339,-0.887187234654929,29.7954924357487,0.0252968672677808,0.862,182.920650458194
0.2,25,Matern 3/2,Yes,Default,1,41.7778009669911,32.5916049945088,0.984281007204822,5.28769281427835,-1.94953525828997,24.8275356505993,0.0156875548095881,1,204.540497402644
0.2,25,Matern 5/2,Yes,Default,1,41.2198138359612,33.8830021643991,0.984698091038121,5.29467516410072,-1.94255290846761,24.884249683512,0.0152713051439552,1,217.282576964735
0.2,25,RatQuad,Yes,Default,1,40.9621135191181,35.028075589327,0.984888823597538,5.29784204699645,-1.93938602557187,24.9341629554632,0.0150809540496571,1,233.724047031976
0.2,50,SqExp,Yes,Default,1,31.9578221512895,25.5747586892582,0.990802116323622,5.39740749599243,-1.83133731787808,23.8998850095395,0.00917948790902566,1,469.310070029165
0.2,50,Matern 1/2,Yes,Default,1,49.6513948390938,40.325717627693,0.977797776573036,5.38900217276769,-1.83974264110283,28.7657177044143,0.0221578189801106,0.99,346.700662596138
0.2,50,Matern 3/2,Yes,Default,1,34.6700713833445,26.8887185550139,0.989174622909527,5.34805423874932,-1.88069057512119,23.6835259682881,0.0108037263362921,1,395.852447923974
0.2,50,Matern 5/2,Yes,Default,1,32.8435886227456,25.7836785351264,0.990285179750145,5.3576913189443,-1.87105349492621,23.4315698932168,0.00969539060935558,1,426.316223035018
0.2,50,RatQuad,Yes,Default,1,33.5031026654325,25.795269906332,0.989891106570176,5.36301305690779,-1.86573175696272,23.656520340152,0.0100886756429644,1,372.243077756867
0,5,SqExp,No,Default,1,112.173348140214,73.7719060039009,0.886678340050127,5.56650520907268,-1.66632902248542,52.9183001834509,0.113095016629974,0.808,52.7640089042664
0,5,Matern 1/2,No,Default,1,166.505976019587,95.2215315137569,0.75031456321493,6.3366474602958,-0.896186771262302,81.5667050583631,0.2491860659115,0.97,55.0681690405864
0,5,Matern 3/2,No,Default,1,125.218704396654,73.0871990451146,0.858787879803686,5.65669959750116,-1.57613463405693,57.112760293395,0.140929695955921,1,52.7235750959078
0,5,Matern 5/2,No,Default,1,117.334216391864,71.8923527969983,0.876011068800163,5.5328949117179,-1.6999393198402,53.5239662870843,0.123740953337438,0.914,52.2329336612048
0,5,RatQuad,No,Default,1,112.173316828805,73.7718972882441,0.886678403314001,5.56649063264763,-1.66634359891046,52.9182980774364,0.113094953492627,0.808,52.7640070697282
0,10,SqExp,No,Default,1,103.024148090702,62.5195917025611,0.904410183957277,6.40793158893856,-0.931649990831128,53.6769785122946,0.0953986364106373,0.794,82.3435427468716
0,10,Matern 1/2,No,Default,1,128.733341287274,73.8932668695823,0.850749551485442,5.68833946138981,-1.65124211837987,58.0159035097584,0.148951947617529,0.93,78.3176532845269
0,10,Matern 3/2,No,Default,1,25.029091759106,11.4434471299862,0.994358121324422,4.34914110385365,-2.99044047591603,13.9574896232207,0.0056305949182265,1,84.1406858627797
0,10,Matern 5/2,No,Default,1,32.0252013840614,16.5507608520415,0.990763290168779,4.06937334590349,-3.2702082338662,13.0506931949847,0.00921823641155842,1,85.8499490295064
0,10,RatQuad,No,Default,1,34.4161259746926,21.8575993386028,0.989332625866922,4.73064337037748,-2.6089382093922,16.9181680318579,0.0106460393848122,1,89.5888031794452
0,25,SqExp,No,Default,1,4.14322094450602,2.19023116254161,0.999845399907777,2.76445310433053,-4.49912665622321,2.06597204015396,0.000154290892038867,0.954,245.712560603711
0,25,Matern 1/2,No,Default,1,14.3721953392685,5.66154222275368,0.998139713714542,4.47021829037577,-2.79336147017797,10.0021070510004,0.00185656571288725,1,170.328031638697
0,25,Matern 3/2,No,Default,1,1.04863419187614,0.493715950251501,0.99999009666226,2.92082808872391,-4.34275167182983,1.89882601941165,9.8835310641114e-06,1,189.350293734325
0,25,Matern 5/2,No,Default,1,2.1272639583982,0.957041564171995,0.999959245429006,2.70923853434848,-4.55434122620526,1.58554774610568,4.06730618517109e-05,1,205.478487227947
0,25,RatQuad,No,Default,1,3.16609214744758,1.53621183831566,0.999909722263209,2.67479230234885,-4.58878745820489,1.73787343908159,9.00971813175262e-05,1,204.481890255457
0,50,SqExp,No,Default,1,0.965910379248658,0.654661534621486,0.99999159752503,2.27116680663088,-4.95740837299814,0.97136977469435,8.38567002051176e-06,1,529.901294532426
0,50,Matern 1/2,No,Default,1,0.99269827623939,0.500929466284415,0.999991125005404,3.71429443516602,-3.514280744463,4.02006713940448,8.85724460715357e-06,1,304.211390832549
0,50,Matern 3/2,No,Default,1,0.270544910543936,0.118957203058551,0.999999340807437,2.37388706653318,-4.85468811309584,1.00675711205135,6.578741774001e-07,1,338.608132384178
0,50,Matern 5/2,No,Default,1,0.361996423213885,0.175160469712273,0.999998819836658,2.29277341979926,-4.93580175982976,0.932821681618716,1.17780301551273e-06,1,373.800944261802
0,50,RatQuad,No,Default,1,0.654352465728603,0.374292035832264,0.999996143822216,2.2626753540723,-4.96589982555672,0.927424917314479,3.84846542881355e-06,1,375.751319625916
0.01,5,SqExp,No,Default,1,109.70379567849,72.5469865889872,0.891613081292074,5.62975904007804,-1.60307120321483,52.3930976953781,0.108170144870511,0.77,52.3760644889865
0.01,5,Matern 1/2,No,Default,1,164.321054321719,93.9035478723888,0.756824404883768,6.32199064849458,-0.910839594798298,80.6062622523673,0.242689243926,0.978,54.8751177757914
0.01,5,Matern 3/2,No,Default,1,123.326340559587,72.55878861555,0.863023756516688,5.64667695092089,-1.58615329237199,56.4933140004833,0.136702290996345,1,52.3287826660064
0.01,5,Matern 5/2,No,Default,1,115.186639689116,71.0936227468077,0.880508289066021,5.53483082990914,-1.69799941338373,52.90194852215,0.119252727512111,0.888,51.7952085726249
0.01,5,RatQuad,No,Default,1,109.703809918765,72.5469754617182,0.8916130531534,5.62975538131306,-1.60307486197981,52.3931052774702,0.108170172952906,0.77,52.3760659373665
0.01,10,SqExp,No,Default,1,18.9406919422805,11.7411846128722,0.996769087154173,4.60152119693312,-2.63879898521482,14.115118658497,0.0032244510201358,0.854,95.1976369249429
0.01,10,Matern 1/2,No,Default,1,28.6888011788768,15.0247368464868,0.992587608263055,5.47080570143324,-1.76951448071469,27.2567738245712,0.00739756695347092,1,80.9785806948321
0.01,10,Matern 3/2,No,Default,1,7.39261074660279,5.77580560166328,0.999507814017983,4.29607894110747,-2.94424124104047,11.2831373098622,0.000491201610053102,1,84.6286819143948
0.01,10,Matern 5/2,No,Default,1,9.83370833292022,7.44228441692295,0.999129100165948,4.08897061763115,-3.15134956451679,10.7080488487141,0.000869158034384358,1,89.1586559811349
0.01,10,RatQuad,No,Default,1,18.9405406848847,11.741039267136,0.996769138757093,4.60151407132739,-2.63880611082055,14.1150913805314,0.00322439952042101,0.854,95.1976032280151
0.01,25,SqExp,No,Default,1,6.29382448002207,4.40172965287528,0.999643250957319,3.13825117154723,-4.09284129661277,3.2498117701396,0.000356035544595868,0.868,241.978466455044
0.01,25,Matern 1/2,No,Default,1,12.9226259911823,6.57806320905561,0.998496044064712,4.48352712144417,-2.74756534671583,10.0212029675912,0.0015009480234176,1,168.83054340507
0.01,25,Matern 3/2,No,Default,1,3.61349973487494,2.8250286380417,0.999882404794287,2.99035889110788,-4.24073357705212,2.48374470985369,0.000117360015301751,1,187.531390538253
0.01,25,Matern 5/2,No,Default,1,4.20751150368566,3.15682280169155,0.999840564809183,2.80748761835789,-4.42360484980212,2.27186355247413,0.000159116320435628,1,205.403600558681
0.01,25,RatQuad,No,Default,1,4.96569337675862,3.68403256921736,0.999777928226986,2.83215626509123,-4.39893620306877,2.57561755375296,0.000221627629467791,0.982,205.74336541317
0.01,50,SqExp,No,Default,1,2.49157057149034,2.10292233850974,0.9999440912288,2.56362970938502,-4.66580808445921,1.56412042083531,5.57969536580563e-05,1,516.539976736809
0.01,50,Matern 1/2,No,Default,1,3.37330582293359,2.64890954574225,0.999897518613194,3.75849329397189,-3.47094449987234,4.35399991138286,0.000102276424032208,1,305.254117894209
0.01,50,Matern 3/2,No,Default,1,2.98787050974943,2.4267614813269,0.999919599804379,2.65223268583295,-4.57720510801128,1.78537840193014,8.02393952300988e-05,1,344.900916389381
0.01,50,Matern 5/2,No,Default,1,2.68881772095504,2.22475504531685,0.999934888712175,2.5746318662227,-4.65480592762153,1.63379295330956,6.49810652493865e-05,1,379.826032021239
0.01,50,RatQuad,No,Default,1,2.50007691620297,2.12280966122479,0.999943708826542,2.54093114256543,-4.6885066512788,1.54978912264353,5.61785911112101e-05,1,363.408318712683
0.05,5,SqExp,No,Default,1,100.00365233209,66.8912696752053,0.909933085506276,6.5113648165617,-0.721651175579768,50.7547759408236,0.0898867806647361,0.688,50.5979848201981
0.05,5,Matern 1/2,No,Default,1,157.524802141672,90.3619646987399,0.776523712834222,6.27751249754145,-0.955503494600015,77.8153540655301,0.223029334591446,1,54.0877940958807
0.05,5,Matern 3/2,No,Default,1,117.422539998361,72.5846224403218,0.875824332626218,5.75667242999691,-1.47634356214456,55.3578370393053,0.123927316039035,0.882,50.6915409934493
0.05,5,Matern 5/2,No,Default,1,107.810269269737,68.4000699598965,0.895322383969374,5.79861597499779,-1.43440001714368,51.5887741581059,0.104468260798565,0.738,49.90272199257
0.05,5,RatQuad,No,Default,1,100.003649681985,66.8912685086289,0.909933090279838,6.51151516488739,-0.721500827254077,50.7548379387398,0.0898867759007221,0.688,50.5979855615501
0.05,10,SqExp,No,Default,1,22.9578850864642,18.2362887741893,0.995253239527119,5.06626607789701,-2.17616461066156,17.3703582076531,0.00473726695193504,0.834,95.3178323211303
0.05,10,Matern 1/2,No,Default,1,30.7556220185576,19.7842802230661,0.991481118217929,5.51890575058035,-1.72352493797822,28.1797760569698,0.00850184401850655,0.998,81.4551804140054
0.05,10,Matern 3/2,No,Default,1,23.6517280104816,19.1361387845614,0.994961986650604,5.08300164976965,-2.15942903878892,16.1480615653637,0.00502793732269693,0.904,84.9747558453791
0.05,10,Matern 5/2,No,Default,1,30.5452170711712,23.055623674588,0.991597278037413,4.98271032912763,-2.25972035943094,17.2499671175354,0.00838591651866159,0.872,89.5978272366803
0.05,10,RatQuad,No,Default,1,23.0549611531986,18.1472633693007,0.995213011861473,5.03506746196824,-2.20736322659033,17.2786184449095,0.00477741416224961,0.838,94.7975753271839
0.05,25,SqExp,No,Default,1,19.0176486428232,14.6616837812631,0.996742779191352,4.27664109844112,-2.95510709976715,10.2576122407896,0.00325070636703061,0.898,253.858087610033
0.05,25,Matern 1/2,No,Default,1,20.3423630620626,15.5038412239385,0.996273197620557,4.7000215289875,-2.53172666922078,12.9683583314856,0.00371934877468433,0.984,170.335358290765
0.05,25,Matern 3/2,No,Default,1,17.2255171307563,12.9190367188165,0.997327743762689,4.20920979345887,-3.02253840474941,9.44251403660092,0.00266691172483631,0.936,198.72374273688
0.05,25,Matern 5/2,No,Default,1,17.7042857755402,13.505802858747,0.997177133211807,4.18924634967495,-3.04250184853332,9.52127352227913,0.00281722105461666,0.93,214.028596252495
0.05,25,RatQuad,No,Default,1,18.9928480468359,14.4225861347276,0.996751269025847,4.27915291024571,-2.95259528796257,10.1940033607051,0.00324223351220434,0.892,225.644641808591
0.05,50,SqExp,No,Default,1,9.8887544517569,8.43246287846529,0.999119322810353,4.11756281560193,-3.11263822672109,6.8840423650051,0.000878915835267666,1,484.521472110298
0.05,50,Matern 1/2,No,Default,1,16.278427180769,12.7421911603436,0.9976135164561,4.4774231428341,-2.75277789948893,9.59757044639864,0.00238171057681268,0.932,314.185334463398
0.05,50,Matern 3/2,No,Default,1,11.4282635576807,9.51795648135639,0.998823765111946,4.10274066245084,-3.12746037987219,7.22615306467329,0.00117388241827736,1,361.480163897541
0.05,50,Matern 5/2,No,Default,1,10.2518623581666,8.64965466356065,0.999053459730662,4.08567462911325,-3.14452641320977,6.83649739435775,0.000944647188799173,1,396.535188047989
0.05,50,RatQuad,No,Default,1,9.68876513784077,8.20103873191259,0.999154584085983,4.09507861596183,-3.13512242636119,6.73379610126457,0.000843725082189267,1,366.359284567612
0.1,5,SqExp,No,Default,1,90.0173751478829,58.7267562289758,0.927022958698888,11.1485593273048,3.91478128346385,49.5229141683303,0.0728310872185094,0.544,47.5776396406938
0.1,5,Matern 1/2,No,Default,1,152.728872670894,90.4127395861505,0.789924283205568,6.25324730570745,-0.98053073813355,76.346579349126,0.209655565360843,0.998,53.1158638968885
0.1,5,Matern 3/2,No,Default,1,114.245096130955,74.7435812128997,0.882453772195221,6.34301005047848,-0.890767993362523,56.6075218730937,0.11731113534917,0.72,48.6885258526353
0.1,5,Matern 5/2,No,Default,1,102.680777325781,67.4565130468627,0.905046307645552,7.05765089756304,-0.176127146277962,52.436903443337,0.0947637849697391,0.68,47.3807632019995
0.1,5,RatQuad,No,Default,1,90.0173611126841,58.7267482243696,0.927022981455544,11.1494959645633,3.91571792072232,49.5230412003167,0.072831064507367,0.544,47.5776398109603
0.1,10,SqExp,No,Default,1,50.7389668631872,41.2828448545453,0.976814482076679,5.59596287718921,-1.64937462311826,28.4543500988449,0.0231391468874744,0.836,94.9163656938952
0.1,10,Matern 1/2,No,Default,1,36.4854360862614,26.4826760533235,0.988011284763012,5.66265889040981,-1.58267860989766,30.7593468236835,0.0119647378065144,0.992,82.2921624717354
0.1,10,Matern 3/2,No,Default,1,44.7162693459083,35.9505874171341,0.981992032895178,7.1972264751405,-0.0481110251669684,26.0827771460985,0.0179719511706121,0.8,86.069965039264
0.1,10,Matern 5/2,No,Default,1,55.2749171204275,42.4931595110045,0.97248371734929,5.66850572758044,-1.57683177272702,29.0179826566666,0.0274612500854085,0.838,89.3701234464176
0.1,10,RatQuad,No,Default,1,52.9773922444594,42.3172395133088,0.974723629337331,5.62909763830998,-1.61623986199748,28.9005659619129,0.0252258179213433,0.83,93.4628700637665
0.1,25,SqExp,No,Default,1,31.4196821932087,25.2908926504617,0.991109275812379,4.7958199399195,-2.43650560729919,17.2676647195327,0.00887294273924612,0.934,250.829478841827
0.1,25,Matern 1/2,No,Default,1,33.6885630803864,26.9131416830327,0.9897788788355,5.24073353025097,-1.99159201696772,19.6430843953879,0.0102006789221707,0.94,174.186026929256
0.1,25,Matern 3/2,No,Default,1,31.5757029078661,24.1824917964617,0.991020759245823,4.812992386558,-2.4193331606607,17.375997107483,0.00896128227266827,0.964,207.689538477465
0.1,25,Matern 5/2,No,Default,1,32.0774536592283,24.8555676707249,0.990733124373124,4.81031289358071,-2.42201265363798,17.5052913223157,0.00924834187562274,0.934,222.123251952031
0.1,25,RatQuad,No,Default,1,32.5299766379129,25.4658121604086,0.990469820852149,4.82496156670314,-2.40736398051555,17.7289590520788,0.00951111878955504,0.914,231.812865715799
0.1,50,SqExp,No,Default,1,17.5917475318732,14.9559447713594,0.997212906560472,4.80171949747415,-2.43000399358315,13.1776754406885,0.00278151925264853,1,474.517977869371
0.1,50,Matern 1/2,No,Default,1,32.6221294726819,25.4905657337297,0.990415749065425,5.65461441362259,-1.57710907743471,18.8339028106855,0.00956508243270638,0.858,331.607696814245
0.1,50,Matern 3/2,No,Default,1,19.3346931036222,16.0288112918609,0.996633271249108,4.75442612234544,-2.47729736871186,13.1533297725413,0.00335999529338987,1,370.167969582632
0.1,50,Matern 5/2,No,Default,1,17.5974952042056,14.4963320218419,0.997211085034012,4.75682173150993,-2.47490175954737,12.7626775250735,0.00278333713605602,1,399.061764476277
0.1,50,RatQuad,No,Default,1,17.0587715881518,14.0630592647969,0.997379229026081,4.76617891510086,-2.46554457595644,12.7309463994555,0.0026155294319714,1,376.953393940386
0.2,5,SqExp,No,Default,1,105.879617398875,69.7032723348731,0.899037920201872,53.7306939013849,46.4932186537649,65.1131295400847,0.100760155638532,0.334,43.5377119201461
0.2,5,Matern 1/2,No,Default,1,152.021802173653,100.675811634432,0.791864905222753,6.30023508061821,-0.93724016700176,78.3120715249895,0.207718824587693,0.99,51.3691479998923
0.2,5,Matern 3/2,No,Default,1,122.409554700441,85.1329347183291,0.865052700549018,9.40318592919783,2.16571068157786,66.9468889657927,0.13467740485208,0.64,45.9822118353305
0.2,5,Matern 5/2,No,Default,1,113.797545139867,75.81741692855,0.883372934377358,14.2758997911656,7.03842454354563,65.3020059878344,0.116393811491397,0.518,44.4203909654024
0.2,5,RatQuad,No,Default,1,105.879619266854,69.7032706276723,0.899037916639429,53.730707507642,46.493232260022,65.1131300091677,0.10076015919385,0.334,43.5377122858838
0.2,10,SqExp,No,Default,1,119.4759067762,90.7868450093982,0.871443443053755,6.08052836776466,-1.17136403115204,61.1467880700794,0.128299443832353,0.908,91.7236741750505
0.2,10,Matern 1/2,No,Default,1,54.0270044289868,41.4661917260886,0.973712133620581,6.14173638052151,-1.11015601839519,39.1752677748553,0.0262352906466599,0.968,84.4426326981749
0.2,10,Matern 3/2,No,Default,1,84.8018102612682,68.0704261044209,0.935234487242784,7.88225799658587,0.630365597669178,47.8477238833189,0.0646359817317012,0.778,88.377147696118
0.2,10,Matern 5/2,No,Default,1,100.368471456116,78.5977987799688,0.909274748210208,6.26842925564872,-0.98346314326797,53.0781698087346,0.0905438012862119,0.836,89.3869425729291
0.2,10,RatQuad,No,Default,1,119.475899903386,90.7868400708696,0.871443457844105,6.08052829613262,-1.17136410278408,61.1467835354909,0.128299429071584,0.908,91.7236737386532
0.2,25,SqExp,No,Default,1,56.5098791305937,45.9604928792733,0.971240434623989,5.40966193493761,-1.82271075723845,31.4632384490124,0.0287020462452591,0.976,251.648858613268
0.2,25,Matern 1/2,No,Default,1,63.0153814650514,49.8833682553368,0.964237596327919,6.47634960576636,-0.756023086409701,36.3416847533753,0.0356908788647365,0.882,188.032576957327
0.2,25,Matern 3/2,No,Default,1,58.4067326463016,45.8467807695522,0.969277299613473,5.439128929466,-1.79324376271006,32.3852762100176,0.0306612549857537,0.964,221.959066801556
0.2,25,Matern 5/2,No,Default,1,59.0349722267238,46.4188346732607,0.968612820700416,5.43897645747142,-1.79339623470464,32.5706876309703,0.0313244049409847,0.954,233.281738654965
0.2,25,RatQuad,No,Default,1,59.2994181390446,46.9265099353238,0.968330994479046,5.44090368883533,-1.79146900334074,32.6658099651938,0.0316056675099116,0.94,238.329908821937
0.2,50,SqExp,No,Default,1,32.7306232136616,27.6332913659635,0.990351893003564,5.46689743659006,-1.77046114322214,25.3013640900738,0.00962881078244281,1,429.855358110295
0.2,50,Matern 1/2,No,Default,1,48.9220253846927,39.2070721176712,0.978445278341286,5.45173927435902,-1.78561930545318,29.230345804108,0.021511612215397,0.998,347.505086340681
0.2,50,Matern 3/2,No,Default,1,31.8511932815739,25.4488632022298,0.990863392324113,5.42153289595311,-1.81582568385909,24.2857889227974,0.00911833446053508,1,375.245657472644
0.2,50,Matern 5/2,No,Default,1,30.5010495204342,24.6812443431835,0.991621560682223,5.43258116627807,-1.80477741353412,24.2197450344397,0.00836168243914178,1,393.201311463861
0.2,50,RatQuad,No,Default,1,30.6884808083948,25.9526442468464,0.991518271991827,5.44553404381847,-1.79182453599373,24.504328212437,0.00846476455215626,1,392.966329154927
